{
  "data_asset_type": null,
  "expectation_suite_name": "orders",
  "expectations": [
    {
      "expectation_type": "expect_column_values_to_be_unique",
      "kwargs": {
        "column": "order_date"
      },
      "meta": {
        "notes": {
          "content": "order_date column is expected to be unique",
          "format": "markdown"
        }
      }
    },
    {
      "expectation_type": "expect_column_max_to_be_between",
      "kwargs": {
        "column": "total_price_mean",
        "min_value": 0,
        "max_value": 100000,
        "strict_max": "True"

      },
      "meta": {
        "notes": {
          "content": "order_date column is expected to be unique",
          "format": "markdown"
        }
      }
    }

  ],
  "ge_cloud_id": null,
  "meta": {
    "great_expectations_version": "0.17.10+0.g0d308ac69.dirty"
  }
}